NAME 1,NAME 2,NUMBER
EPPS B,Ahmad Hudzaifah,085891479847
EPPS B,Alberto Yonathan Tangke Allo,081235758357
EPPS B,Alfian Novrizal,085775710402
EPPS B,Alfika Tri Maya Santi,085785233052
EPPS B,Bella Putri Zain,085265602482
EPPS B,Desvi Wahyuni,082176659334
EPPS B,Dhimas Qodhlizaka,081290729703
EPPS B,Fachri Husaini,082213724576
EPPS B,Fadhilatul Fajri,082113041899
EPPS B,Fitriana,082271058545
EPPS B,"FORTIN SRI HARYANI, S.Si., M.Pd.",6287877689725
EPPS B,Fransisca Wiwik Martasari,081325373202
EPPS B,I Gede Yudi Paramartha,081999462725
EPPS B,Isnan Ali Musthafa,085314221625
EPPS B,Linda Astriani,082110667286
EPPS B,Moh Shohibul Burhan Qidmaya,089503317699
EPPS B,Mohammad Aqil Azizi,085746232440
EPPS B,Nanda Putri Zuhra,085314339014
EPPS B,Nelus Sangadah,089686095388
EPPS B,Noviana Dwi Yasinta,082157898750
EPPS B,Nurfajriah,08118330390
EPPS B,Nurfitri Sahidun,081242354472
EPPS B,Nurfitria,081328845093
EPPS B,"Rio Kriswana, S.AP., M.M., CRGP., RMAD",081334899911
EPPS B,Ririn Tjahyaningsih,081220080408
EPPS B,Septiana Tri Setiowati,085792487979
EPPS B,Septika kristiani,082174219007
EPPS B,Tri Murtono,082293220761
EPPS B,Ulfah Zeny Kurniawati,081292364829
EPPS B,Yonathan Adhika,085692843959